Name,AREA,AnydoTag,Archivos multimedia,BLOQUE,C-TEXT,Fórmula,ID,Nombre,Rollup,TITULO,Tags,URL
C000,https://www.notion.so/2a5622cf315b8157905ad77fe466d868,&C000-GTD,,B00 (https://www.notion.so/B00-2a5622cf315b812b90c5cd5399553ac1?pvs=21),C000-GTD,@C000,1,GTD,,,,
C100,https://www.notion.so/2a5622cf315b81de9b85e1adfc611bc1,&C100-INV,,B10 (https://www.notion.so/B10-2a5622cf315b81029edbc9dec6323570?pvs=21),C100-INV,@C100,2,INV,,,,
C110,https://www.notion.so/2a5622cf315b81de9b85e1adfc611bc1,&C110-CVT,,B11 (https://www.notion.so/B11-2a5622cf315b81f0b92bcf7eb8c1ab6b?pvs=21),C110-CVT,@C110,3,CVT,,,,
C111,https://www.notion.so/2a5622cf315b81de9b85e1adfc611bc1,&C111-REP,,B11 (https://www.notion.so/B11-2a5622cf315b81f0b92bcf7eb8c1ab6b?pvs=21),C111-REP,@C111,4,REP,,,,
C112,https://www.notion.so/2a5622cf315b81de9b85e1adfc611bc1,&C112-SOL,,B11 (https://www.notion.so/B11-2a5622cf315b81f0b92bcf7eb8c1ab6b?pvs=21),C112-SOL,@C112,5,SOL,,,,
C113,https://www.notion.so/2a5622cf315b81de9b85e1adfc611bc1,&C113-CAT,,B11 (https://www.notion.so/B11-2a5622cf315b81f0b92bcf7eb8c1ab6b?pvs=21),C113-CAT,@C113,6,CAT,,,,
C120,https://www.notion.so/2a5622cf315b81de9b85e1adfc611bc1,&C120-LAB,,B12 (https://www.notion.so/B12-2a5622cf315b81218f24dd9d602080e8?pvs=21),C120-LAB,@C120,7,LAB,,,,
C124,https://www.notion.so/2a5622cf315b81de9b85e1adfc611bc1,&C124-PRY,,B12 (https://www.notion.so/B12-2a5622cf315b81218f24dd9d602080e8?pvs=21),C124-PRY,@C124,8,PRY,,,,
C125,https://www.notion.so/2a5622cf315b81de9b85e1adfc611bc1,&C125-DAT,,B12 (https://www.notion.so/B12-2a5622cf315b81218f24dd9d602080e8?pvs=21),C125-DAT,@C125,9,DAT,,,,
C126,https://www.notion.so/2a5622cf315b81de9b85e1adfc611bc1,&C126-DIR,,B12 (https://www.notion.so/B12-2a5622cf315b81218f24dd9d602080e8?pvs=21),C126-DIR,@C126,10,DIR,,,,
C130,https://www.notion.so/2a5622cf315b81de9b85e1adfc611bc1,&C130-PUB,,B13 (https://www.notion.so/B13-2a5622cf315b811f9352dfd743ca2e9a?pvs=21),C130-PUB,@C130,11,PUB,,,,
C137,https://www.notion.so/2a5622cf315b81de9b85e1adfc611bc1,&C137-ART,,B13 (https://www.notion.so/B13-2a5622cf315b811f9352dfd743ca2e9a?pvs=21),C137-ART,@C137,12,ART,,,,
C138,https://www.notion.so/2a5622cf315b81de9b85e1adfc611bc1,&C138-CON,,B13 (https://www.notion.so/B13-2a5622cf315b811f9352dfd743ca2e9a?pvs=21),C138-CON,@C138,13,CON,,,,
C139,https://www.notion.so/2a5622cf315b81de9b85e1adfc611bc1,&C139-MAN,,B13 (https://www.notion.so/B13-2a5622cf315b811f9352dfd743ca2e9a?pvs=21),C139-MAN,@C139,14,MAN,,,,
C200,https://www.notion.so/2a5622cf315b81d8aaf5fec8a2d160a6,&C200-UNI,,B20 (https://www.notion.so/B20-2a5622cf315b8186907ae5ac86ecdbad?pvs=21),C200-UNI,@C200,15,UNI,,,,
C240,https://www.notion.so/2a5622cf315b81d8aaf5fec8a2d160a6,&C240-DOC,,B24 (https://www.notion.so/B24-2a5622cf315b81b4b414eac47e4e6ab2?pvs=21),C240-DOC,@C240,16,DOC,,,,
C241,https://www.notion.so/2a5622cf315b81d8aaf5fec8a2d160a6,&C241-GRA,,B24 (https://www.notion.so/B24-2a5622cf315b81b4b414eac47e4e6ab2?pvs=21),C241-GRA,@C241,17,GRA,,,,
C243,https://www.notion.so/2a5622cf315b81d8aaf5fec8a2d160a6,&C243-POS,,B24 (https://www.notion.so/B24-2a5622cf315b81b4b414eac47e4e6ab2?pvs=21),C243-POS,@C243,19,POS,,,,
C242,https://www.notion.so/2a5622cf315b81d8aaf5fec8a2d160a6,&C242-MAS,,B24 (https://www.notion.so/B24-2a5622cf315b81b4b414eac47e4e6ab2?pvs=21),C242-MAS,@C242,18,MAS,,,,
C250,https://www.notion.so/2a5622cf315b81d8aaf5fec8a2d160a6,&C250-FOR,,B25 (https://www.notion.so/B25-2a5622cf315b81aaa062fbd6b5dda1db?pvs=21),C250-FOR,@C250,20,FOR,,,,
C254,https://www.notion.so/2a5622cf315b81d8aaf5fec8a2d160a6,&C254-PDI,,B25 (https://www.notion.so/B25-2a5622cf315b81aaa062fbd6b5dda1db?pvs=21),C254-PDI,@C254,21,PDI,,,,
C255,https://www.notion.so/2a5622cf315b81d8aaf5fec8a2d160a6,&C255-EST,,B25 (https://www.notion.so/B25-2a5622cf315b81aaa062fbd6b5dda1db?pvs=21),C255-EST,@C255,22,EST,,,,
C256,https://www.notion.so/2a5622cf315b81d8aaf5fec8a2d160a6,&C256-CUR,,B25 (https://www.notion.so/B25-2a5622cf315b81aaa062fbd6b5dda1db?pvs=21),C256-CUR,@C256,23,CUR,,,,
C267,https://www.notion.so/2a5622cf315b81d8aaf5fec8a2d160a6,&C267-UPO,,B26 (https://www.notion.so/B26-2a5622cf315b8190bdb8f1fd83c27834?pvs=21),C267-UPO,@C267,25,UPO,,,,
C260,https://www.notion.so/2a5622cf315b81d8aaf5fec8a2d160a6,&C260-GES,,B26 (https://www.notion.so/B26-2a5622cf315b8190bdb8f1fd83c27834?pvs=21),C260-GES,@C260,24,GES,,,,
C268,https://www.notion.so/2a5622cf315b81d8aaf5fec8a2d160a6,&C268-MIN,,B26 (https://www.notion.so/B26-2a5622cf315b8190bdb8f1fd83c27834?pvs=21),C268-MIN,@C268,26,MIN,,,,
C269,https://www.notion.so/2a5622cf315b81d8aaf5fec8a2d160a6,&C269-EVA,,B26 (https://www.notion.so/B26-2a5622cf315b8190bdb8f1fd83c27834?pvs=21),C269-EVA,@C269,27,EVA,,,,
C300,https://www.notion.so/2a5622cf315b816cbcd9f82358750c97,&C300-VIT,,B30 (https://www.notion.so/B30-2a5622cf315b812b8acaf0f0053de65d?pvs=21),C300-VIT,@C300,28,VIT,,,,
C370,https://www.notion.so/2a5622cf315b816cbcd9f82358750c97,&C370-ORG,,B37 (https://www.notion.so/B37-2a5622cf315b812d977bc587b59c33fe?pvs=21),C370-ORG,@C370,29,ORG,,,,
C371,https://www.notion.so/2a5622cf315b816cbcd9f82358750c97,&C371-ADM,,B37 (https://www.notion.so/B37-2a5622cf315b812d977bc587b59c33fe?pvs=21),C371-ADM,@C371,30,ADM,,,,
C372,https://www.notion.so/2a5622cf315b816cbcd9f82358750c97,&C372-PER,,B37 (https://www.notion.so/B37-2a5622cf315b812d977bc587b59c33fe?pvs=21),C372-PER,@C372,31,PER,,,,
C373,https://www.notion.so/2a5622cf315b816cbcd9f82358750c97,&C373-SOC,,B37 (https://www.notion.so/B37-2a5622cf315b812d977bc587b59c33fe?pvs=21),C373-SOC,@C373,32,SOC,,,,
C380,https://www.notion.so/2a5622cf315b816cbcd9f82358750c97,&C380-TEC,,B38 (https://www.notion.so/B38-2a5622cf315b81f3a41ef7fd82dc8e98?pvs=21),C380-TEC,@C380,33,TEC,,,,
C386,https://www.notion.so/2a5622cf315b816cbcd9f82358750c97,&C386-STA,,B38 (https://www.notion.so/B38-2a5622cf315b81f3a41ef7fd82dc8e98?pvs=21),C386-STA,@C386,35,STA,,,,
C384,https://www.notion.so/2a5622cf315b816cbcd9f82358750c97,&C384-INF,,B38 (https://www.notion.so/B38-2a5622cf315b81f3a41ef7fd82dc8e98?pvs=21),C384-INF,@C384,34,INF,,,,
C387,https://www.notion.so/2e8622cf315b809da630f86db82ee5d0,&C387-IAA,,@B11-CVT  (https://www.notion.so/2e8622cf315b80f0a7c4f21290086b1a?pvs=21),C387-IAA,@C387,36,IAA,,,,
C390,https://www.notion.so/2a5622cf315b816cbcd9f82358750c97,&C390-DES,,B39 (https://www.notion.so/B39-2a5622cf315b81638776dfc5d8fc3bce?pvs=21),C390-DES,@C390,37,DES,,,,
C397,https://www.notion.so/2a5622cf315b816cbcd9f82358750c97,&C397-FIS,,B39 (https://www.notion.so/B39-2a5622cf315b81638776dfc5d8fc3bce?pvs=21),C397-FIS,@C397,38,FIS,,,,
C398,https://www.notion.so/2a5622cf315b816cbcd9f82358750c97,&C398-MEN,,B39 (https://www.notion.so/B39-2a5622cf315b81638776dfc5d8fc3bce?pvs=21),C398-MEN,@C398,39,MEN,,,,
C399,https://www.notion.so/2a5622cf315b816cbcd9f82358750c97,&C399-MUS,,B39 (https://www.notion.so/B39-2a5622cf315b81638776dfc5d8fc3bce?pvs=21),C399-MUS,@C399,40,MUS,,,,
C0a1,https://www.notion.so/2a5622cf315b8157905ad77fe466d868,&C0a1-INX,,B0C (https://www.notion.so/B0C-2a5622cf315b8108abfaed5629feac44?pvs=21),C0a1-INX,@C0a1,42,INX,,,,
C0b2,https://www.notion.so/2a5622cf315b8157905ad77fe466d868,&C0b2-ABC,,B0C (https://www.notion.so/B0C-2a5622cf315b8108abfaed5629feac44?pvs=21),C0b2-ABC,@C0b2,43,ABC,,,,
C0c3,https://www.notion.so/2a5622cf315b8157905ad77fe466d868,&C0c3-PLA,,B0C (https://www.notion.so/B0C-2a5622cf315b8108abfaed5629feac44?pvs=21),C0c3-PLA,@C0c3,44,PLA,,,,
C400,https://www.notion.so/2a5622cf315b81e49546d2ece6dbdd49,&C400-REF,,B40 (https://www.notion.so/B40-2a5622cf315b8105a6dbfec825d392e1?pvs=21),C400-REF,@C400,46,REF,,,,
C4x0,https://www.notion.so/2a5622cf315b81e49546d2ece6dbdd49,&C4x0-LIB,,B4X (https://www.notion.so/B4X-2a5622cf315b81eea56cfefd614140a1?pvs=21),C4x0-LIB,@C4x0,47,LIB,,,,
C4x1,https://www.notion.so/2a5622cf315b81e49546d2ece6dbdd49,&C4x1-FIC,,B4X (https://www.notion.so/B4X-2a5622cf315b81eea56cfefd614140a1?pvs=21),C4x1-FIC,@C4x1,48,FIC,,,,
C4x2,https://www.notion.so/2a5622cf315b81e49546d2ece6dbdd49,&C4x2-SCI,,B4X (https://www.notion.so/B4X-2a5622cf315b81eea56cfefd614140a1?pvs=21),C4x2-SCI,@C4x2,49,SCI,,,,
C4x3,https://www.notion.so/2a5622cf315b81e49546d2ece6dbdd49,&C4x3-ENS,,B4X (https://www.notion.so/B4X-2a5622cf315b81eea56cfefd614140a1?pvs=21),C4x3-ENS,@C4x3,50,ENS,,,,
C4y0,https://www.notion.so/2a5622cf315b81e49546d2ece6dbdd49,&C4y0-MED,,B4Y (https://www.notion.so/B4Y-2a5622cf315b8162b004f87b10107646?pvs=21),C4y0-MED,@C4y0,51,MED,,,,
C4y4,https://www.notion.so/2a5622cf315b81e49546d2ece6dbdd49,&C4y4-VID,,B4Y (https://www.notion.so/B4Y-2a5622cf315b8162b004f87b10107646?pvs=21),C4y4-VID,@C4y4,52,VID,,,,
C4y5,https://www.notion.so/2a5622cf315b81e49546d2ece6dbdd49,&C4y5-AUD,,B4Y (https://www.notion.so/B4Y-2a5622cf315b8162b004f87b10107646?pvs=21),C4y5-AUD,@C4y5,53,AUD,,,,
C4y6,https://www.notion.so/2a5622cf315b81e49546d2ece6dbdd49,&C4y6-MP3,,B4Y (https://www.notion.so/B4Y-2a5622cf315b8162b004f87b10107646?pvs=21),C4y6-MP3,@C4y6,54,MP3,,,,
C4z0,https://www.notion.so/2a5622cf315b81e49546d2ece6dbdd49,&C4z0-APP,,B4Z (https://www.notion.so/B4Z-2a5622cf315b8119b685e19db31609e3?pvs=21),C4z0-APP,@C4z0,55,APP,,,,
C4z7,https://www.notion.so/2a5622cf315b81e49546d2ece6dbdd49,&C4z7-MOC,,B4Z (https://www.notion.so/B4Z-2a5622cf315b8119b685e19db31609e3?pvs=21),C4z7-MOC,@C4z7,56,MOC,,,,
C4z8,https://www.notion.so/2a5622cf315b81e49546d2ece6dbdd49,&C4z8-WEB,,B4Z (https://www.notion.so/B4Z-2a5622cf315b8119b685e19db31609e3?pvs=21),C4z8-WEB,@C4z8,57,WEB,,,,
C4z9,https://www.notion.so/2a5622cf315b81e49546d2ece6dbdd49,&C4z9-SOF,,B4Z (https://www.notion.so/B4Z-2a5622cf315b8119b685e19db31609e3?pvs=21),C4z9-SOF,@C4z9,58,SOF,,,,
"C4z9 (https://www.notion.so/C4z9-2a5622cf315b8197be18fc108900a7ef?pvs=21) ",,,,,,@@C4z9,,,,,,
@C4z8,,,,,,@@C4z8,,,,,,
@C4z7,,,,,,@@C4z7,,,,,,
@C4z0,,,,,,@@C4z0,,,,,,
@C4y6,,,,,,@@C4y6,,,,,,
@C4y5,,,,,,@@C4y5,,,,,,
@C4y4,,,,,,@@C4y4,,,,,,
@C4y0,,,,,,@@C4y0,,,,,,
@C4x3,,,,,,@@C4x3,,,,,,
@c4x2,,,,,,@@c4x2,,,,,,
"C4x1 (https://www.notion.so/C4x1-2a5622cf315b81dba7e2f155528fedf9?pvs=21) ",,,,,,@@C4x1,,,,,,
"C4x0 (https://www.notion.so/C4x0-2a5622cf315b8184b7ecfe1ba5141b53?pvs=21) ",,,,,,@@C4x0,,,,,,
"C400 (https://www.notion.so/C400-2a5622cf315b818ea8c3c03df3d46213?pvs=21) ",,,,,,@@C400,,,,,,
"C0c3 (https://www.notion.so/C0c3-2a5622cf315b81c9a731e6a3152d26e2?pvs=21) ",,,,,,@@C0c3,,,,,,
"C0b2 (https://www.notion.so/C0b2-2a5622cf315b81868d76d000237b2b81?pvs=21) ",,,,,,@@C0b2,,,,,,
"C0A1-INFO (https://www.notion.so/C0A1-INFO-117622cf315b8037a526e268e4d6d8b8?pvs=21) ",https://www.notion.so/2e8622cf315b802ba838e173de2f4b88,,,@B0A-KIT  (https://www.notion.so/2e8622cf315b80648651c0bf89f1eb1d?pvs=21),,@@C0A1-INFO,,,,,,
"C399-MUS (https://www.notion.so/C399-MUS-124622cf315b807e9a22df7e6ef171b3?pvs=21) ",https://www.notion.so/2e8622cf315b801f9cf7f1a31343e567,,,@B39-DES  (https://www.notion.so/2e8622cf315b803f8363d1876ddae4fd?pvs=21),,@@C399-MUS,,,,,,
"C398-MEN (https://www.notion.so/C398-MEN-124622cf315b80638b9ccd98faa54bb1?pvs=21) ",https://www.notion.so/2e8622cf315b801f9cf7f1a31343e567,,,@B39-DES  (https://www.notion.so/2e8622cf315b803f8363d1876ddae4fd?pvs=21),,@@C398-MEN,,,,,,
"C397-FIS (https://www.notion.so/C397-FIS-124622cf315b8039aceeed84ca0fd4b6?pvs=21) ",https://www.notion.so/2e8622cf315b801f9cf7f1a31343e567,,,@B39-DES  (https://www.notion.so/2e8622cf315b803f8363d1876ddae4fd?pvs=21),,@@C397-FIS,,,,,,
"C390 (https://www.notion.so/C390-2a5622cf315b818ba8a9d8c506b7efd1?pvs=21) ",https://www.notion.so/2e8622cf315b801f9cf7f1a31343e567,,,@B39-DES  (https://www.notion.so/2e8622cf315b803f8363d1876ddae4fd?pvs=21),,@@C390,,,,,,
"C387 (https://www.notion.so/C387-2a5622cf315b812e9d1ccdea1a1156ce?pvs=21) ",https://www.notion.so/2e8622cf315b801f9cf7f1a31343e567,,,@B38-TEC  (https://www.notion.so/2e8622cf315b804c8bc1f03071ab697d?pvs=21),,@@C387,,,,,,
"C384-INF (https://www.notion.so/C384-INF-124622cf315b80ed8076e8943a8decf4?pvs=21) ",https://www.notion.so/2e8622cf315b801f9cf7f1a31343e567,,,@B38-TEC  (https://www.notion.so/2e8622cf315b804c8bc1f03071ab697d?pvs=21),,@@C384-INF,,,,,,
"C386-IAA (https://www.notion.so/C386-IAA-124622cf315b80a1807df290f42ac3ff?pvs=21) ",https://www.notion.so/2e8622cf315b801f9cf7f1a31343e567,,,@B38-TEC  (https://www.notion.so/2e8622cf315b804c8bc1f03071ab697d?pvs=21),,@@C386-IAA,,,,,,
"C380 (https://www.notion.so/C380-2a5622cf315b8173a23ef6e47fcfd79b?pvs=21) ",https://www.notion.so/2e8622cf315b801f9cf7f1a31343e567,,,@B38-TEC  (https://www.notion.so/2e8622cf315b804c8bc1f03071ab697d?pvs=21),,@@C380,,,,,,
"C373-SOC (https://www.notion.so/C373-SOC-124622cf315b80d3beeef36e7dc4d300?pvs=21) ",https://www.notion.so/2e8622cf315b801f9cf7f1a31343e567,,,@B37-ORG  (https://www.notion.so/2e8622cf315b8093a233eb3c685dd8d4?pvs=21),,@@C373-SOC,,,,,,
"C372-PER (https://www.notion.so/C372-PER-124622cf315b80af8d08c5de7afabf71?pvs=21) ",https://www.notion.so/2e8622cf315b801f9cf7f1a31343e567,,,@B37-ORG  (https://www.notion.so/2e8622cf315b8093a233eb3c685dd8d4?pvs=21),,@@C372-PER,,,,,,
"C371-ADM (https://www.notion.so/C371-ADM-124622cf315b800191f6d7f5f1f6da6e?pvs=21) ",https://www.notion.so/2e8622cf315b801f9cf7f1a31343e567,,,@B37-ORG  (https://www.notion.so/2e8622cf315b8093a233eb3c685dd8d4?pvs=21),,@@C371-ADM,,,,,,
"C370 (https://www.notion.so/C370-2a5622cf315b81348424ff792386b8eb?pvs=21) ",https://www.notion.so/2e8622cf315b801f9cf7f1a31343e567,,,@B37-ORG  (https://www.notion.so/2e8622cf315b8093a233eb3c685dd8d4?pvs=21),,@@C370,,,,,,
"C300 (https://www.notion.so/C300-2a5622cf315b817c8972cd75ed4b85d9?pvs=21) ",,,,,,@@C300,,,,,,
"C269-MIN (https://www.notion.so/C269-MIN-117622cf315b80a3975efeec9d835701?pvs=21) ",https://www.notion.so/2e8622cf315b80aeaae0ff6e7ada9d85,,,@B26-GES  (https://www.notion.so/2e8622cf315b80dd8cd6e192156c655d?pvs=21),,@@C269-MIN,,,,,,
"C268-UNED (https://www.notion.so/C268-UNED-124622cf315b80d2ad73ef029b03577f?pvs=21) ",https://www.notion.so/2e8622cf315b80aeaae0ff6e7ada9d85,,,@B26-GES  (https://www.notion.so/2e8622cf315b80dd8cd6e192156c655d?pvs=21),,@@C268-UNED,,,,,,
"C260 (https://www.notion.so/C260-2a5622cf315b8114bdefc8e6e7750bae?pvs=21) ",https://www.notion.so/2e8622cf315b80aeaae0ff6e7ada9d85,,,@B26-GES  (https://www.notion.so/2e8622cf315b80dd8cd6e192156c655d?pvs=21),,@@C260,,,,,,
"C267-UPO (https://www.notion.so/C267-UPO-11f622cf315b809eafe3ebe8a9c6df5e?pvs=21) ",https://www.notion.so/2e8622cf315b80aeaae0ff6e7ada9d85,,,@B26-GES  (https://www.notion.so/2e8622cf315b80dd8cd6e192156c655d?pvs=21),,@@C267-UPO,,,,,,
"C256-MOC (https://www.notion.so/C256-MOC-124622cf315b80a28830fa208a446b3f?pvs=21) ",https://www.notion.so/2e8622cf315b80aeaae0ff6e7ada9d85,,,@B25-FOR  (https://www.notion.so/2e8622cf315b808f871dd4d95296a2a3?pvs=21),,@@C256-MOC,,,,,,
"C255-EST (https://www.notion.so/C255-EST-117622cf315b80c2bdecd106f2cde24c?pvs=21) ",https://www.notion.so/2e8622cf315b80aeaae0ff6e7ada9d85,,,@B25-FOR  (https://www.notion.so/2e8622cf315b808f871dd4d95296a2a3?pvs=21),,@@C255-EST,,,,,,
"C254-PDI (https://www.notion.so/C254-PDI-124622cf315b805aa919c2c95c6c23e8?pvs=21) ",https://www.notion.so/2e8622cf315b80aeaae0ff6e7ada9d85,,,@B25-FOR  (https://www.notion.so/2e8622cf315b808f871dd4d95296a2a3?pvs=21),,@@C254-PDI,,,,,,
"C250 (https://www.notion.so/C250-2a5622cf315b81af9ec4c2ce60e8faa8?pvs=21) ",https://www.notion.so/2e8622cf315b80aeaae0ff6e7ada9d85,,,@B25-FOR  (https://www.notion.so/2e8622cf315b808f871dd4d95296a2a3?pvs=21),,@@C250,,,,,,
"C242-MAS (https://www.notion.so/C242-MAS-124622cf315b8029b7fcf68d1f01c80b?pvs=21) ",https://www.notion.so/2e8622cf315b80aeaae0ff6e7ada9d85,,,@B24-DOC  (https://www.notion.so/2e8622cf315b805ba2b1f21de14f37e0?pvs=21),,@@C242-MAS,,,,,,
"C243-POS (https://www.notion.so/C243-POS-124622cf315b80a29ccec5e046ea40b4?pvs=21) ",https://www.notion.so/2e8622cf315b80aeaae0ff6e7ada9d85,,,@B24-DOC  (https://www.notion.so/2e8622cf315b805ba2b1f21de14f37e0?pvs=21),,@@C243-POS,,,,,,
"C241-GRA (https://www.notion.so/C241-GRA-124622cf315b809dab20f4a6955967d5?pvs=21) ",https://www.notion.so/2e8622cf315b80aeaae0ff6e7ada9d85,,,@B24-DOC  (https://www.notion.so/2e8622cf315b805ba2b1f21de14f37e0?pvs=21),,@@C241-GRA,,,,,,
"C240 (https://www.notion.so/C240-2a5622cf315b81a3b778c336ef4862c6?pvs=21) ",https://www.notion.so/2e8622cf315b80aeaae0ff6e7ada9d85,,,@B24-DOC  (https://www.notion.so/2e8622cf315b805ba2b1f21de14f37e0?pvs=21),,@@C240,,,,,,
"C200 (https://www.notion.so/C200-2a5622cf315b81fbbfd4c8cb79b6133c?pvs=21) ",,,,,,@@C200,,,,,,
"C139-REV (https://www.notion.so/C139-REV-125622cf315b80c3902fef0df187c089?pvs=21) ",https://www.notion.so/2e8622cf315b809da630f86db82ee5d0,,,@B13-PUB  (https://www.notion.so/2e8622cf315b80dbb271c69df3610ef8?pvs=21),,@@C139-REV,,,,,,
"C138-CON (https://www.notion.so/C138-CON-125622cf315b80699a81e6fd5ca7645a?pvs=21) ",https://www.notion.so/2e8622cf315b809da630f86db82ee5d0,,,@B13-PUB  (https://www.notion.so/2e8622cf315b80dbb271c69df3610ef8?pvs=21),,@@C138-CON,,,,,,
"C137-ART (https://www.notion.so/C137-ART-125622cf315b80678362d87381c1027a?pvs=21) ",https://www.notion.so/2e8622cf315b809da630f86db82ee5d0,,,@B13-PUB  (https://www.notion.so/2e8622cf315b80dbb271c69df3610ef8?pvs=21),,@@C137-ART,,,,,,
"C130 (https://www.notion.so/C130-2a5622cf315b8113ad29d8fab027f7df?pvs=21) ",https://www.notion.so/2e8622cf315b809da630f86db82ee5d0,,,@B13-PUB  (https://www.notion.so/2e8622cf315b80dbb271c69df3610ef8?pvs=21),,@@C130,,,,,,
"C126-DIR (https://www.notion.so/C126-DIR-131622cf315b8025b9fcdbfaa2b930b5?pvs=21) ",https://www.notion.so/2e8622cf315b809da630f86db82ee5d0,,,@B12-LAB  (https://www.notion.so/2e8622cf315b8065ab78dbeaebd508b7?pvs=21),,@@C126-DIR,,,,,,
"C125-EXP (https://www.notion.so/C125-EXP-124622cf315b800e99b3e23937c24b3f?pvs=21) ",https://www.notion.so/2e8622cf315b809da630f86db82ee5d0,,,@B12-LAB  (https://www.notion.so/2e8622cf315b8065ab78dbeaebd508b7?pvs=21),,@@C125-EXP,,,,,,
"C124-PRY (https://www.notion.so/C124-PRY-124622cf315b80e79019f5805d7d197d?pvs=21) ",https://www.notion.so/2e8622cf315b809da630f86db82ee5d0,,,@B12-LAB  (https://www.notion.so/2e8622cf315b8065ab78dbeaebd508b7?pvs=21),,@@C124-PRY,,,,,,
" C120 (https://www.notion.so/C120-2a5622cf315b8114acc9c4e06f22ea97?pvs=21) ",https://www.notion.so/2e8622cf315b809da630f86db82ee5d0,,,@B12-LAB  (https://www.notion.so/2e8622cf315b8065ab78dbeaebd508b7?pvs=21),,@ @C120,,,,,,
" C113-CAT (https://www.notion.so/C113-CAT-117622cf315b80d9921dc55d89fa6659?pvs=21) ",https://www.notion.so/2e8622cf315b809da630f86db82ee5d0,,,@B11-CVT  (https://www.notion.so/2e8622cf315b80f0a7c4f21290086b1a?pvs=21),,@ @C113-CAT,,,,,,
" C112-ACR (https://www.notion.so/C112-ACR-117622cf315b80cda1abe520c662a294?pvs=21) ",https://www.notion.so/2e8622cf315b809da630f86db82ee5d0,,,@B11-CVT  (https://www.notion.so/2e8622cf315b80f0a7c4f21290086b1a?pvs=21),,@ @C112-ACR,,,,,,
"C111-REP (https://www.notion.so/C111-REP-117622cf315b80c7b417e9f977937df2?pvs=21) ",https://www.notion.so/2e8622cf315b809da630f86db82ee5d0,,,@B11-CVT  (https://www.notion.so/2e8622cf315b80f0a7c4f21290086b1a?pvs=21),,@@C111-REP,,,,,,
"C110 (https://www.notion.so/C110-2a5622cf315b8139b767ecad14312b76?pvs=21) ",,,,,,@@C110,,,,,,
" C100 (https://www.notion.so/C100-2a5622cf315b81728d27f5a65cfe2459?pvs=21) ",,,,,,@ @C100,,,,,,
"C000 (https://www.notion.so/C000-2a5622cf315b8152979cfb9caa5ea547?pvs=21) ",,,,,,@@C000,,,,,,